FID,OBJECTID_1,Bezirk,Bezirk_Nam,OBJECTID,Ortsteilnu,SHP_Area,SHP_Length,Stadtteil,gml_id,gml_origin,SHAPE_Leng,SHAPE_Length,SHAPE_Area
1,1,1,Hamburg-Mitte,1,119,400549.608832,3188.04573164,Borgfelde,F17__1,urn:ogc:def:crs:EPSG:6.9:25832,3187.68252493,5359.80296463781,1135231.64076959
2,2,1,Hamburg-Mitte,2,137,18445315.9116,19474.4359691,Wilhelmsburg,F17__2,urn:ogc:def:crs:EPSG:6.9:25832,19474.0185029,32730.3863665731,52069168.7258927
3,3,1,Hamburg-Mitte,3,131,6285402.7388,10929.8363163,Billbrook,F17__3,urn:ogc:def:crs:EPSG:6.9:25832,10929.2007609,18372.3016255287,17765273.5546838
4,4,1,Hamburg-Mitte,4,106,643061.306538,4045.82044337,Neustadt,F17__4,urn:ogc:def:crs:EPSG:6.9:25832,4045.48595074,6806.78873752316,1820795.54982407
5,5,1,Hamburg-Mitte,5,124,421836.215135,2799.73601134,Hamm,F17__5,urn:ogc:def:crs:EPSG:6.9:25832,2799.47146511,4707.20251156644,1195256.45295477
6,6,1,Hamburg-Mitte,6,104,1354891.41115,6007.20649072,HafenCity,F17__6,urn:ogc:def:crs:EPSG:6.9:25832,6006.71093983,10099.0293392929,3830426.91229276
7,7,1,Hamburg-Mitte,7,135,7979999.90889,16616.997447,Wilhelmsburg,F17__7,urn:ogc:def:crs:EPSG:6.9:25832,16615.6107727,27912.6166693638,22504387.2200214
8,8,1,Hamburg-Mitte,8,120,420577.713746,2979.43331156,Borgfelde,F17__8,urn:ogc:def:crs:EPSG:6.9:25832,2979.06917384,5010.86566761107,1190078.21612943
9,9,1,Hamburg-Mitte,9,112,550718.432041,3614.7456736,St.Pauli,F17__9,urn:ogc:def:crs:EPSG:6.9:25832,3613.99085857,6076.84354225701,1561417.64803249
10,10,1,Hamburg-Mitte,10,121,473627.111451,2889.96870209,Hamm,F17__10,urn:ogc:def:crs:EPSG:6.9:25832,2889.92249651,4862.28827853539,1340841.00179383
11,11,1,Hamburg-Mitte,11,111,598353.432281,3407.20092348,St.Pauli,F17__11,urn:ogc:def:crs:EPSG:6.9:25832,3406.92546111,5731.62544172637,1692814.98554515
12,12,1,Hamburg-Mitte,12,134,4368204.49137,9352.00293507,Veddel,F17__12,urn:ogc:def:crs:EPSG:6.9:25832,9351.61569527,15717.1796604397,12340609.4387757
13,13,1,Hamburg-Mitte,13,117,723951.417628,3708.34724264,Hammerbrook,F17__13,urn:ogc:def:crs:EPSG:6.9:25832,3708.32500405,6238.13460752997,2048055.72576863
14,14,1,Hamburg-Mitte,14,107,260715.443102,2675.3844675,Neustadt,F17__14,urn:ogc:def:crs:EPSG:6.9:25832,2675.01885857,4500.78719378302,737905.397160368
15,15,1,Hamburg-Mitte,15,102,545795.533185,2916.403963,Hamburg-Altstadt,F17__15,urn:ogc:def:crs:EPSG:6.9:25832,2916.28068848,4905.31542989703,1544056.80340915
16,16,1,Hamburg-Mitte,16,132,6192235.32978,15807.0959956,Rothenburgsort,F17__16,urn:ogc:def:crs:EPSG:6.9:25832,15803.9142735,26571.5008880844,17498413.0590748
17,17,1,Hamburg-Mitte,17,127,366624.902052,2900.91126249,Hamm,F17__17,urn:ogc:def:crs:EPSG:6.9:25832,2900.48458415,4875.10344365234,1037728.50700876
18,18,1,Hamburg-Mitte,18,136,8937261.9498,15995.6722664,Wilhelmsburg,F17__18,urn:ogc:def:crs:EPSG:6.9:25832,15994.5549096,26877.7732595466,25227597.733577
19,19,1,Hamburg-Mitte,19,129,3314011.31055,9105.27240832,Horn,F17__19,urn:ogc:def:crs:EPSG:6.9:25832,9104.94348594,15316.6954961502,9379561.44340276
20,20,1,Hamburg-Mitte,20,116,224155.966942,2329.60080359,Hammerbrook,F17__20,urn:ogc:def:crs:EPSG:6.9:25832,2329.60080359,3920.16109048408,634138.563796545
21,21,1,Hamburg-Mitte,21,122,434986.508367,3984.3442209,Hamm,F17__21,urn:ogc:def:crs:EPSG:6.9:25832,3984.14033656,6702.41902837565,1231184.26510787
22,22,1,Hamburg-Mitte,22,114,872407.505784,4704.35300877,St.Georg,F17__22,urn:ogc:def:crs:EPSG:6.9:25832,4704.08835903,7912.51795828291,2468473.08417126
23,23,1,Hamburg-Mitte,23,113,949088.236441,4745.97698995,St.Georg,F17__23,urn:ogc:def:crs:EPSG:6.9:25832,4745.51312779,7984.45636168667,2685938.80031026
24,24,1,Hamburg-Mitte,24,108,826703.914282,4033.11072804,Neustadt,F17__24,urn:ogc:def:crs:EPSG:6.9:25832,4032.53462162,6784.19108520424,2338586.40439525
25,25,1,Hamburg-Mitte,25,101,753588.448335,3976.84400264,Hamburg-Altstadt,F17__25,urn:ogc:def:crs:EPSG:6.9:25832,3976.75633999,6690.82838844363,2132321.67788635
26,26,1,Hamburg-Mitte,26,118,592649.075066,2990.40944532,Hammerbrook,F17__26,urn:ogc:def:crs:EPSG:6.9:25832,2989.99046555,5029.91982222921,1674643.0535143
27,27,1,Hamburg-Mitte,27,103,1069566.22246,5013.33336982,HafenCity,F17__27,urn:ogc:def:crs:EPSG:6.9:25832,5013.14384674,8427.11036791758,3025013.59352151
28,28,1,Hamburg-Mitte,28,128,2579587.64444,7250.75895027,Horn,F17__28,urn:ogc:def:crs:EPSG:6.9:25832,7250.22736292,12195.9941244804,7297329.49863814
29,29,1,Hamburg-Mitte,29,133,992889.270125,4408.55757289,Rothenburgsort,F17__29,urn:ogc:def:crs:EPSG:6.9:25832,4408.07751411,7412.56280833602,2807931.88091801
30,30,1,Hamburg-Mitte,30,125,447556.089429,2831.2377604,Hamm,F17__30,urn:ogc:def:crs:EPSG:6.9:25832,2831.2377604,4760.97856426059,1266426.03973081
31,31,1,Hamburg-Mitte,31,130,16912571.8773,21984.9255786,Billstedt,F17__31,urn:ogc:def:crs:EPSG:6.9:25832,21984.4625072,36971.8007476325,47838526.837358
32,32,1,Hamburg-Mitte,32,139,7421356.80972,12217.2180697,Steinwerder,F17__32,urn:ogc:def:crs:EPSG:6.9:25832,12216.2349057,20537.235493526,20978808.7256601
33,33,1,Hamburg-Mitte,33,105,529838.823858,3160.74654058,Neustadt,F17__33,urn:ogc:def:crs:EPSG:6.9:25832,3160.38985623,5314.16223873176,1498767.98384033
34,34,1,Hamburg-Mitte,34,126,894563.788275,5973.80141777,Hamm,F17__34,urn:ogc:def:crs:EPSG:6.9:25832,5972.7855893,10044.0407587894,2529724.60335991
35,35,1,Hamburg-Mitte,35,115,953421.038786,4678.52241232,Hammerbrook,F17__35,urn:ogc:def:crs:EPSG:6.9:25832,4678.05893165,7866.61675556896,2697824.82944117
36,36,1,Hamburg-Mitte,36,142,3546697.22007,7395.08003006,Neuwerk,F17__36,urn:ogc:def:crs:EPSG:6.9:25832,7395.08003006,12548.7900793809,10213652.9071115
37,37,1,Hamburg-Mitte,37,123,846940.955103,3892.94030148,Hamm,F17__37,urn:ogc:def:crs:EPSG:6.9:25832,3892.78262272,6551.52679011776,2397313.1915881
38,38,1,Hamburg-Mitte,38,138,4470300.58457,8982.88417301,Kleiner Grasbrook,F17__38,urn:ogc:def:crs:EPSG:6.9:25832,8982.80113517,15098.9822427881,12636093.8191863
39,39,1,Hamburg-Mitte,39,140,9770442.7502,14289.0349368,Waltershof,F17__39,urn:ogc:def:crs:EPSG:6.9:25832,14288.4037489,24017.3088747247,27616237.3822948
40,40,1,Hamburg-Mitte,40,0,4073827.40998,8951.60821374,Neuwerk,F17__40,urn:ogc:def:crs:EPSG:6.9:25832,8951.60821374,15200.3509395626,11749924.2122495
41,41,1,Hamburg-Mitte,41,109,778943.942331,4623.26312046,St.Pauli,F17__41,urn:ogc:def:crs:EPSG:6.9:25832,4622.78804354,7774.74473200002,2205431.74110761
42,42,1,Hamburg-Mitte,42,110,313039.301599,2842.93326662,St.Pauli,F17__42,urn:ogc:def:crs:EPSG:6.9:25832,2842.82302688,4785.62575256151,885945.366844652
43,43,1,Hamburg-Mitte,43,141,19628662.1063,20776.5477191,Finkenwerder,F17__43,urn:ogc:def:crs:EPSG:6.9:25832,20776.4849283,34923.0556515975,55503107.5954012
44,44,2,Altona,44,217,4617921.22052,10509.3403672,Bahrenfeld,F17__44,urn:ogc:def:crs:EPSG:6.9:25832,10508.0876291,17690.0869244783,13085234.326951
45,45,2,Altona,45,218,2369124.49062,6929.69928085,Groß Flottbek,F17__45,urn:ogc:def:crs:EPSG:6.9:25832,6928.77793088,11654.1022336752,6707777.50739004
46,46,2,Altona,46,211,418953.276989,2949.58860994,Ottensen,F17__46,urn:ogc:def:crs:EPSG:6.9:25832,2949.2471626,4961.4616506986,1185075.08296887
47,47,2,Altona,47,212,994588.982917,4162.65577703,Ottensen,F17__47,urn:ogc:def:crs:EPSG:6.9:25832,4162.11574327,7003.21820372561,2814406.23538929
48,48,2,Altona,48,227,16691536.084,28011.6513415,Rissen,F17__48,urn:ogc:def:crs:EPSG:6.9:25832,28011.6513415,47174.6223671203,47313176.8137302
49,49,2,Altona,49,216,2998082.05474,8115.83519513,Bahrenfeld,F17__49,urn:ogc:def:crs:EPSG:6.9:25832,8115.06646734,13664.8497086624,8489972.85280445
50,50,2,Altona,50,204,320926.948704,2643.31823628,Altona-Altstadt,F17__50,urn:ogc:def:crs:EPSG:6.9:25832,2643.1642909,4446.16046831026,907968.034003933
51,51,2,Altona,51,209,995052.906931,4800.97772578,Altona-Nord,F17__51,urn:ogc:def:crs:EPSG:6.9:25832,4800.49475816,8078.14012371189,2818038.54050099
52,52,2,Altona,52,221,7245654.59302,12914.389517,Osdorf,F17__52,urn:ogc:def:crs:EPSG:6.9:25832,12913.3063136,21736.903825946,20525631.1192489
53,53,2,Altona,53,226,5732035.71646,13717.2797775,Sülldorf,F17__53,urn:ogc:def:crs:EPSG:6.9:25832,13716.3351791,23092.8851932766,16246258.2735365
54,54,2,Altona,54,205,397358.186312,2592.72973113,Altona-Altstadt,F17__54,urn:ogc:def:crs:EPSG:6.9:25832,2592.40740688,4361.22043217189,1124578.90088281
55,55,2,Altona,55,201,483387.745048,3720.14984611,Altona-Altstadt,F17__55,urn:ogc:def:crs:EPSG:6.9:25832,3719.82904333,6255.55969119575,1367225.02436752
56,56,2,Altona,56,219,5942504.7264,10701.7381213,Othmarschen,F17__56,urn:ogc:def:crs:EPSG:6.9:25832,10701.3288804,17993.770560886,16815183.9917705
57,57,2,Altona,57,203,381624.96625,2694.78573295,Altona-Altstadt,F17__57,urn:ogc:def:crs:EPSG:6.9:25832,2694.74967312,4530.88285129421,1079692.85712186
58,58,2,Altona,58,202,775807.445093,4188.01296506,Altona-Altstadt,F17__58,urn:ogc:def:crs:EPSG:6.9:25832,4187.78583285,7040.07082387786,2194695.00892015
59,59,2,Altona,59,214,1012111.59121,4979.57632805,Ottensen,F17__59,urn:ogc:def:crs:EPSG:6.9:25832,4979.47186962,8374.19001815071,2863001.57307617
60,60,2,Altona,60,220,6287915.75134,12932.1292691,Lurup,F17__60,urn:ogc:def:crs:EPSG:6.9:25832,12931.8845401,21774.3050057331,17830492.898168
61,61,2,Altona,61,213,367276.9336,2987.66074602,Ottensen,F17__61,urn:ogc:def:crs:EPSG:6.9:25832,2987.50112733,5025.33394894344,1039358.59883507
62,62,2,Altona,62,210,901614.67217,3970.88322518,Altona-Nord,F17__62,urn:ogc:def:crs:EPSG:6.9:25832,3970.26910571,6680.31964113878,2551518.30117702
63,63,2,Altona,63,222,4376294.18801,9104.7826549,Nienstedten,F17__63,urn:ogc:def:crs:EPSG:6.9:25832,9103.98406576,15312.1242422881,12385788.5322411
64,64,2,Altona,64,224,1630226.21441,5742.73353208,Blankenese,F17__64,urn:ogc:def:crs:EPSG:6.9:25832,5741.57817644,9659.24379600569,4616224.28353991
65,65,2,Altona,65,223,6099852.58749,12711.3439109,Blankenese,F17__65,urn:ogc:def:crs:EPSG:6.9:25832,12710.804397,21381.4992512813,17269819.3125359
66,66,2,Altona,66,215,2918078.7967,9361.41303442,Bahrenfeld,F17__66,urn:ogc:def:crs:EPSG:6.9:25832,9360.27354575,15761.3739046666,8266631.16916053
67,67,2,Altona,67,225,2668117.56273,9465.18370071,Iserbrook,F17__67,urn:ogc:def:crs:EPSG:6.9:25832,9464.55416989,15933.9017672966,7559385.0652745
68,68,2,Altona,68,207,548934.021093,4916.21748719,Sternschanze,F17__68,urn:ogc:def:crs:EPSG:6.9:25832,4916.09164435,8269.11633673848,1554161.53620415
69,69,2,Altona,69,208,319717.183635,2300.4918726,Altona-Nord,F17__69,urn:ogc:def:crs:EPSG:6.9:25832,2300.34421,3869.16248117698,905564.073034568
70,70,2,Altona,70,206,357006.984653,2823.10619958,Altona-Altstadt,F17__70,urn:ogc:def:crs:EPSG:6.9:25832,2822.78077094,4748.72017034338,1010476.93235308
71,71,3,Eimsbüttel,71,320,8715780.587,15494.7596769,Eidelstedt,F17__71,urn:ogc:def:crs:EPSG:6.9:25832,15493.8344283,26094.154416589,24733922.7758581
72,72,3,Eimsbüttel,72,316,444773.743134,3086.60664453,Hoheluft-West,F17__72,urn:ogc:def:crs:EPSG:6.9:25832,3086.48446223,5195.17284756427,1260437.78194282
73,73,3,Eimsbüttel,73,321,6084483.16825,12374.7160199,Stellingen,F17__73,urn:ogc:def:crs:EPSG:6.9:25832,12373.7265074,20835.8004422118,17246912.1226987
74,74,3,Eimsbüttel,74,317,4893124.37592,10030.4775255,Lokstedt,F17__74,urn:ogc:def:crs:EPSG:6.9:25832,10029.9136023,16889.4406769574,13873334.6494421
75,75,3,Eimsbüttel,75,314,1011214.75298,5003.47962859,Harvestehude,F17__75,urn:ogc:def:crs:EPSG:6.9:25832,5002.99351586,8418.7843938157,2864418.38113002
76,76,3,Eimsbüttel,76,302,220247.492032,1955.64651546,Eimsbüttel,F17__76,urn:ogc:def:crs:EPSG:6.9:25832,1955.50105593,3291.28465223761,624170.669161853
77,77,3,Eimsbüttel,77,318,12408048.8208,18547.774797,Niendorf,F17__77,urn:ogc:def:crs:EPSG:6.9:25832,18547.0172899,31258.0660999701,35240656.0855703
78,78,3,Eimsbüttel,78,313,1037692.24702,5432.72595692,Harvestehude,F17__78,urn:ogc:def:crs:EPSG:6.9:25832,5432.45218231,9137.4314736973,2938942.32330591
79,79,3,Eimsbüttel,79,308,435650.101914,2945.40536823,Eimsbüttel,F17__79,urn:ogc:def:crs:EPSG:6.9:25832,2945.17361431,4957.4943310532,1233901.11129207
80,80,3,Eimsbüttel,80,319,8945640.11411,14995.9415396,Schnelsen,F17__80,urn:ogc:def:crs:EPSG:6.9:25832,14995.6665631,25274.6050903209,25415938.8820991
81,81,3,Eimsbüttel,81,311,592193.210175,3824.72409558,Rotherbaum,F17__81,urn:ogc:def:crs:EPSG:6.9:25832,3824.55737395,6434.70786708048,1677104.18098771
82,82,3,Eimsbüttel,82,303,283184.437442,2175.10609804,Eimsbüttel,F17__82,urn:ogc:def:crs:EPSG:6.9:25832,2174.78319117,3661.08878288598,802039.760392601
83,83,3,Eimsbüttel,83,304,394486.220298,3918.29672828,Eimsbüttel,F17__83,urn:ogc:def:crs:EPSG:6.9:25832,3917.98138158,6596.53159124994,1117274.03320597
84,84,3,Eimsbüttel,84,301,236835.521717,2094.09737517,Eimsbüttel,F17__84,urn:ogc:def:crs:EPSG:6.9:25832,2093.9521561,3524.80407672843,670972.030595891
85,85,3,Eimsbüttel,85,307,290804.545204,2617.80394321,Eimsbüttel,F17__85,urn:ogc:def:crs:EPSG:6.9:25832,2617.48324412,4403.71017597114,823860.278404607
86,86,3,Eimsbüttel,86,312,2141218.72078,5741.69759642,Rotherbaum,F17__86,urn:ogc:def:crs:EPSG:6.9:25832,5741.52961293,9662.13742321155,6063075.99555956
87,87,3,Eimsbüttel,87,306,306329.404692,2319.01734271,Eimsbüttel,F17__87,urn:ogc:def:crs:EPSG:6.9:25832,2318.76631292,3901.90054494807,867625.961677466
88,88,3,Eimsbüttel,88,305,312561.354707,2302.83769767,Eimsbüttel,F17__88,urn:ogc:def:crs:EPSG:6.9:25832,2302.71919469,3875.50259749383,885372.266105433
89,89,3,Eimsbüttel,89,315,274425.910313,2182.3334159,Hoheluft-West,F17__89,urn:ogc:def:crs:EPSG:6.9:25832,2182.10393792,3672.453925494,778090.528506514
90,90,3,Eimsbüttel,90,310,258841.975308,2300.58970856,Eimsbüttel,F17__90,urn:ogc:def:crs:EPSG:6.9:25832,2300.49809488,3870.13665570367,733006.29196675
91,91,3,Eimsbüttel,91,309,482774.97269,2992.0376416,Eimsbüttel,F17__91,urn:ogc:def:crs:EPSG:6.9:25832,2992.00794576,5036.20032216363,1367301.71669743
92,92,4,Hamburg-Nord,92,429,964823.815298,4292.86498682,Barmbek-Nord,F17__92,urn:ogc:def:crs:EPSG:6.9:25832,4292.66954553,7229.95161232894,2736788.99133209
93,93,4,Hamburg-Nord,93,416,538329.742091,3759.72122764,Hohenfelde,F17__93,urn:ogc:def:crs:EPSG:6.9:25832,3759.41028367,6324.82810352064,1524763.66927836
94,94,4,Hamburg-Nord,94,424,444834.185789,2899.178387,Dulsberg,F17__94,urn:ogc:def:crs:EPSG:6.9:25832,2899.05341774,4881.59326831712,1260141.98202738
95,95,4,Hamburg-Nord,95,406,3985683.50691,9684.75196444,Groß Borstel,F17__95,urn:ogc:def:crs:EPSG:6.9:25832,9684.3425082,16313.7447107242,11309987.3243395
96,96,4,Hamburg-Nord,96,407,3152300.87192,10202.1890002,Alsterdorf,F17__96,urn:ogc:def:crs:EPSG:6.9:25832,10200.8635697,17184.4920815676,8946947.44549636
97,97,4,Hamburg-Nord,97,413,1024863.45309,4338.36874867,Winterhude,F17__97,urn:ogc:def:crs:EPSG:6.9:25832,4338.13697523,7303.70287038988,2904103.32878159
98,98,4,Hamburg-Nord,98,427,883772.758238,3935.62218862,Barmbek-Nord,F17__98,urn:ogc:def:crs:EPSG:6.9:25832,3934.92467204,6624.7322367838,2504266.70811045
99,99,4,Hamburg-Nord,99,410,671412.147748,3988.04454191,Winterhude,F17__99,urn:ogc:def:crs:EPSG:6.9:25832,3987.95992795,6710.32365427333,1903186.28140313
100,100,4,Hamburg-Nord,100,412,271660.709697,2583.48336568,Winterhude,F17__100,urn:ogc:def:crs:EPSG:6.9:25832,2583.18859073,4349.31305705191,769987.546798484
101,101,4,Hamburg-Nord,101,430,7155841.56365,17214.9578567,Ohlsdorf,F17__101,urn:ogc:def:crs:EPSG:6.9:25832,17213.7046655,29005.0921270801,20315623.1393572
102,102,4,Hamburg-Nord,102,421,546798.942455,3306.30582822,Barmbek-Süd,F17__102,urn:ogc:def:crs:EPSG:6.9:25832,3305.81579618,5565.39208903373,1548947.0862123
103,103,4,Hamburg-Nord,103,405,953123.144421,4656.15006913,Eppendorf,F17__103,urn:ogc:def:crs:EPSG:6.9:25832,4655.6189572,7838.48879224118,2703816.56363488
104,104,4,Hamburg-Nord,104,403,1039452.83047,4700.11864878,Eppendorf,F17__104,urn:ogc:def:crs:EPSG:6.9:25832,4699.92359531,7912.99814471109,2946365.55635397
105,105,4,Hamburg-Nord,105,428,985384.487823,5107.60700004,Barmbek-Nord,F17__105,urn:ogc:def:crs:EPSG:6.9:25832,5106.87370598,8597.95715072708,2794957.09592562
106,106,4,Hamburg-Nord,106,432,13359148.5793,15909.2814555,Langenhorn,F17__106,urn:ogc:def:crs:EPSG:6.9:25832,15909.0944074,26835.9290071561,37996947.0709548
107,107,4,Hamburg-Nord,107,426,1013345.41085,4469.36601937,Barmbek-Nord,F17__107,urn:ogc:def:crs:EPSG:6.9:25832,4468.96858635,7522.53447899721,2872944.08387339
108,108,4,Hamburg-Nord,108,411,677265.496893,3327.70042599,Winterhude,F17__108,urn:ogc:def:crs:EPSG:6.9:25832,3327.35582401,5600.62685650989,1919647.87641818
109,109,4,Hamburg-Nord,109,401,332909.4709,2425.65633601,Hoheluft-Ost,F17__109,urn:ogc:def:crs:EPSG:6.9:25832,2425.57452442,4082.8360056167,943814.549171827
110,110,4,Hamburg-Nord,110,409,2906344.49608,8247.13345429,Winterhude,F17__110,urn:ogc:def:crs:EPSG:6.9:25832,8245.30840967,13878.0634869564,8233801.75497927
111,111,4,Hamburg-Nord,111,420,347925.017287,2708.12183268,Barmbek-Süd,F17__111,urn:ogc:def:crs:EPSG:6.9:25832,2707.91225413,4558.26928403367,985458.273353964
112,112,4,Hamburg-Nord,112,408,2029584.60001,7179.05540068,Winterhude,F17__112,urn:ogc:def:crs:EPSG:6.9:25832,7177.31823908,12081.5661058069,5762805.62820385
113,113,4,Hamburg-Nord,113,417,615626.755405,3232.11229589,Hohenfelde,F17__113,urn:ogc:def:crs:EPSG:6.9:25832,3232.0306812,5439.23938283363,1742853.04627493
114,114,4,Hamburg-Nord,114,422,605338.696824,3536.31922286,Barmbek-Süd,F17__114,urn:ogc:def:crs:EPSG:6.9:25832,3536.1185219,5951.346221108,1715225.96157821
115,115,4,Hamburg-Nord,115,404,673625.183086,3792.46147958,Eppendorf,F17__115,urn:ogc:def:crs:EPSG:6.9:25832,3791.67633663,6385.21151525761,1909706.8309965
116,116,4,Hamburg-Nord,116,402,232206.494738,1991.87950228,Hoheluft-Ost,F17__116,urn:ogc:def:crs:EPSG:6.9:25832,1991.87023293,3352.82248354738,658109.089948658
117,117,4,Hamburg-Nord,117,431,7766323.08521,18571.7008412,Fuhlsbüttel,F17__117,urn:ogc:def:crs:EPSG:6.9:25832,18570.773178,31292.2044930597,22057502.4375878
118,118,4,Hamburg-Nord,118,418,327108.250024,2974.43560397,Barmbek-Süd,F17__118,urn:ogc:def:crs:EPSG:6.9:25832,2974.43560397,5008.62223351409,926639.604135135
119,119,4,Hamburg-Nord,119,423,777941.327525,4290.49225769,Barmbek-Süd,F17__119,urn:ogc:def:crs:EPSG:6.9:25832,4290.17097039,7221.87143530429,2203548.27545054
120,120,4,Hamburg-Nord,120,414,981619.733143,4728.83014297,Uhlenhorst,F17__120,urn:ogc:def:crs:EPSG:6.9:25832,4728.27557167,7959.15026733865,2780232.52498173
121,121,4,Hamburg-Nord,121,419,485976.971331,2853.53823836,Barmbek-Süd,F17__121,urn:ogc:def:crs:EPSG:6.9:25832,2852.96061762,4802.15533846482,1377281.33528338
122,122,4,Hamburg-Nord,122,425,778749.379771,3776.89180194,Dulsberg,F17__122,urn:ogc:def:crs:EPSG:6.9:25832,3776.45689762,6359.01367323849,2206283.1977889
123,123,4,Hamburg-Nord,123,415,1199033.22276,5187.32144444,Uhlenhorst,F17__123,urn:ogc:def:crs:EPSG:6.9:25832,5187.11232474,8725.87248974856,3395706.18557196
124,124,5,Wandsbek,124,519,8099920.17431,14793.543329,Poppenbüttel,F17__124,urn:ogc:def:crs:EPSG:6.9:25832,14791.2690416,24946.8121758983,23037115.3468737
125,125,5,Wandsbek,125,522,6777426.16239,14932.4184049,Duvenstedt,F17__125,urn:ogc:def:crs:EPSG:6.9:25832,14931.5457902,25204.9690825036,19318157.7267169
126,126,5,Wandsbek,126,513,3938546.43775,10003.4982806,Tonndorf,F17__126,urn:ogc:def:crs:EPSG:6.9:25832,10001.9489092,16839.791756636,11163113.0386738
127,127,5,Wandsbek,127,517,4083628.05176,10113.6367534,Wellingsbüttel,F17__127,urn:ogc:def:crs:EPSG:6.9:25832,10111.9626372,17039.2495347568,11602791.6086703
128,128,5,Wandsbek,128,515,10060108.3065,17545.8793873,Bramfeld,F17__128,urn:ogc:def:crs:EPSG:6.9:25832,17544.3580316,29554.3099059632,28550158.4522827
129,129,5,Wandsbek,129,504,416719.015736,3259.91687674,Eilbek,F17__129,urn:ogc:def:crs:EPSG:6.9:25832,3259.79943562,5488.50163658151,1180254.96904215
130,130,5,Wandsbek,130,509,2198931.24108,6885.52075755,Wandsbek,F17__130,urn:ogc:def:crs:EPSG:6.9:25832,6884.82426396,11589.7845986066,6234930.35077522
131,131,5,Wandsbek,131,508,1913486.24851,5757.72179445,Wandsbek,F17__131,urn:ogc:def:crs:EPSG:6.9:25832,5757.33309076,9691.94587699197,5421863.49603034
132,132,5,Wandsbek,132,502,323263.264676,2384.24910487,Eilbek,F17__132,urn:ogc:def:crs:EPSG:6.9:25832,2384.02873044,4011.75511569595,915244.651132524
133,133,5,Wandsbek,133,514,8220629.8982,16612.6547292,Farmsen-Berne,F17__133,urn:ogc:def:crs:EPSG:6.9:25832,16611.4677299,27989.0288750226,23328905.6021856
134,134,5,Wandsbek,134,524,7035939.47283,15151.7764949,Bergstedt,F17__134,urn:ogc:def:crs:EPSG:6.9:25832,15148.7283266,25558.8750496774,20021804.596226
135,135,5,Wandsbek,135,521,7995471.05983,15720.1183854,Lemsahl-Mellingstedt,F17__135,urn:ogc:def:crs:EPSG:6.9:25832,15717.499844,26522.6035375988,22767568.4900321
136,136,5,Wandsbek,136,507,851255.885612,3820.7803071,Wandsbek,F17__136,urn:ogc:def:crs:EPSG:6.9:25832,3820.65019868,6430.62186501233,2411213.61373133
137,137,5,Wandsbek,137,512,4987907.45543,10495.4782601,Jenfeld,F17__137,urn:ogc:def:crs:EPSG:6.9:25832,10494.7790166,17661.1624956302,14128037.0322118
138,138,5,Wandsbek,138,516,2496695.7954,6996.31574244,Steilshoop,F17__138,urn:ogc:def:crs:EPSG:6.9:25832,6993.29622962,11782.1308535061,7084940.48719941
139,139,5,Wandsbek,139,505,525359.685637,3258.72632018,Wandsbek,F17__139,urn:ogc:def:crs:EPSG:6.9:25832,3258.5942597,5485.40033908424,1488358.63277247
140,140,5,Wandsbek,140,503,357978.723568,2621.42965133,Eilbek,F17__140,urn:ogc:def:crs:EPSG:6.9:25832,2621.2418041,4410.07030314729,1013960.44722586
141,141,5,Wandsbek,141,510,1329732.36725,4935.51412854,Marienthal,F17__141,urn:ogc:def:crs:EPSG:6.9:25832,4935.4342212,8304.32797366987,3765181.80203013
142,142,5,Wandsbek,142,523,17277651.4189,23638.1438459,Wohldorf-Ohlstedt,F17__142,urn:ogc:def:crs:EPSG:6.9:25832,23635.4805316,39910.8263124075,49256865.4465143
143,143,5,Wandsbek,143,518,8357469.70019,16849.4881153,Sasel,F17__143,urn:ogc:def:crs:EPSG:6.9:25832,16846.9681282,28405.9710291616,23758090.2358277
144,144,5,Wandsbek,144,511,1881348.86422,5708.07013263,Marienthal,F17__144,urn:ogc:def:crs:EPSG:6.9:25832,5708.02060283,9602.91564893082,5327635.01254132
145,145,5,Wandsbek,145,525,11567928.7913,18775.5127165,Volksdorf,F17__145,urn:ogc:def:crs:EPSG:6.9:25832,18775.3592168,31661.9737534803,32887024.9038467
146,146,5,Wandsbek,146,506,450591.829585,2976.24961328,Wandsbek,F17__146,urn:ogc:def:crs:EPSG:6.9:25832,2976.00600198,5007.70937123914,1277491.30524893
147,147,5,Wandsbek,147,501,650619.812686,3379.54252683,Eilbek,F17__147,urn:ogc:def:crs:EPSG:6.9:25832,3379.42430484,5687.6515304661,1842130.01919069
148,148,5,Wandsbek,148,526,26548334.6542,26420.1824189,Rahlstedt,F17__148,urn:ogc:def:crs:EPSG:6.9:25832,26419.6694333,44503.0926955274,75329204.5286208
149,149,5,Wandsbek,149,520,9077268.44833,15377.8774604,Hummelsbüttel,F17__149,urn:ogc:def:crs:EPSG:6.9:25832,15377.2049883,25938.7573964499,25809674.9574029
150,150,6,Bergedorf,150,613,3063470.4342,7713.1363547,Tatenberg,F17__150,urn:ogc:def:crs:EPSG:6.9:25832,7712.21978988,12956.5598194501,8643181.35678611
151,151,6,Bergedorf,151,601,13038704.4659,21815.2179346,Lohbrügge,F17__151,urn:ogc:def:crs:EPSG:6.9:25832,21815.0797913,36655.6929611803,36818488.5640832
152,152,6,Bergedorf,152,604,10568284.8833,17101.7986403,Curslack,F17__152,urn:ogc:def:crs:EPSG:6.9:25832,17099.0532981,28709.3385305252,29774873.014146
153,153,6,Bergedorf,153,608,14081127.2948,18557.3488226,Ochsenwerder,F17__153,urn:ogc:def:crs:EPSG:6.9:25832,18554.9174436,31147.6296676658,39675535.7612874
154,154,6,Bergedorf,154,607,32296670.1461,32767.412916,Kirchwerder,F17__154,urn:ogc:def:crs:EPSG:6.9:25832,32763.8182964,54944.7341890924,90833868.5098167
155,155,6,Bergedorf,155,606,18608510.2345,27475.3250092,Neuengamme,F17__155,urn:ogc:def:crs:EPSG:6.9:25832,27471.1078628,46087.6379716706,52371523.7969761
156,156,6,Bergedorf,156,612,4370398.42672,11019.3286133,Moorfleet,F17__156,urn:ogc:def:crs:EPSG:6.9:25832,11018.8210518,18518.4643561558,12342294.4159183
157,157,6,Bergedorf,157,605,15605402.1171,21822.0690103,Altengamme,F17__157,urn:ogc:def:crs:EPSG:6.9:25832,21821.4399011,36616.2526396908,43931558.1806831
158,158,6,Bergedorf,158,609,6925582.02266,13430.0446378,Reitbrook,F17__158,urn:ogc:def:crs:EPSG:6.9:25832,13427.4775801,22538.3346050504,19520195.8194014
159,159,6,Bergedorf,159,603,5187204.07045,13929.5660638,Bergedorf,F17__159,urn:ogc:def:crs:EPSG:6.9:25832,13928.9843484,23388.8531689706,14624868.558574
160,160,6,Bergedorf,160,610,8645889.43925,21057.9092445,Allermöhe,F17__160,urn:ogc:def:crs:EPSG:6.9:25832,21054.7998047,35343.3146947234,24386113.9554994
161,161,6,Bergedorf,161,614,3416913.27359,9703.51095246,Spadenland,F17__161,urn:ogc:def:crs:EPSG:6.9:25832,9702.64644875,16305.3191298689,9642467.42496734
162,162,6,Bergedorf,162,602,5161664.52952,16698.7179788,Bergedorf,F17__162,urn:ogc:def:crs:EPSG:6.9:25832,16698.1185972,28044.9122005657,14563058.9267661
163,163,6,Bergedorf,163,611,9460958.97256,16612.1392577,Billwerder,F17__163,urn:ogc:def:crs:EPSG:6.9:25832,16611.7879205,27908.5487609569,26709860.0448199
164,164,6,Bergedorf,164,615,4201825.81238,9963.95215655,Neuallermöhe,F17__164,urn:ogc:def:crs:EPSG:6.9:25832,9963.95215655,16724.1911636303,11851703.3876028
165,165,7,Harburg,165,705,3420296.86667,8460.7560541,Wilstorf,F17__165,urn:ogc:def:crs:EPSG:6.9:25832,8460.03911294,14193.2035679471,9629774.23648227
166,166,7,Harburg,166,713,6694988.5576,13271.9464496,Altenwerder,F17__166,urn:ogc:def:crs:EPSG:6.9:25832,13270.5555268,22296.6329855805,18906760.5153388
167,167,7,Harburg,167,704,1984252.92677,9290.57652951,Gut Moor,F17__167,urn:ogc:def:crs:EPSG:6.9:25832,9290.57652951,15585.7025188756,5586681.00883737
168,168,7,Harburg,168,710,8333407.96709,18518.9191809,Eißendorf,F17__168,urn:ogc:def:crs:EPSG:6.9:25832,18517.585146,31069.952879298,23461586.9411368
169,169,7,Harburg,169,709,5839303.78277,13389.459855,Marmstorf,F17__169,urn:ogc:def:crs:EPSG:6.9:25832,13388.6744583,22455.4710677876,16431422.5611814
170,170,7,Harburg,170,706,2245884.9141,8998.91268916,Rönneburg,F17__170,urn:ogc:def:crs:EPSG:6.9:25832,8998.83458994,15097.5749130611,6320248.32724518
171,171,7,Harburg,171,703,8079006.91892,13564.1536103,Neuland,F17__171,urn:ogc:def:crs:EPSG:6.9:25832,13563.6724039,22759.301344716,22764111.7636883
172,172,7,Harburg,172,701,977210.973327,4581.04284013,Harburg,F17__172,urn:ogc:def:crs:EPSG:6.9:25832,4580.69635842,7689.36937659908,2753532.2407351
173,173,7,Harburg,173,714,9833360.8426,20632.2489522,Hausbruch,F17__173,urn:ogc:def:crs:EPSG:6.9:25832,20630.755196,34642.5020060424,27718945.6704085
174,174,7,Harburg,174,718,1332226.53858,5942.21216304,Cranz,F17__174,urn:ogc:def:crs:EPSG:6.9:25832,5941.06792887,9990.64737377043,3766049.01169442
175,175,7,Harburg,175,711,12994259.0367,22027.5808259,Heimfeld,F17__175,urn:ogc:def:crs:EPSG:6.9:25832,22026.0202444,36973.9682328684,36624824.7382861
176,176,7,Harburg,176,712,9992096.61874,16041.5207239,Moorburg,F17__176,urn:ogc:def:crs:EPSG:6.9:25832,16040.119169,26934.7150835806,28192720.5969446
177,177,7,Harburg,177,702,3011079.51858,10494.0538053,Harburg,F17__177,urn:ogc:def:crs:EPSG:6.9:25832,10493.5001523,17613.999900032,8483850.43983529
178,178,7,Harburg,178,708,2514792.38356,9543.12395143,Sinstorf,F17__178,urn:ogc:def:crs:EPSG:6.9:25832,9542.79200561,16004.1634375712,7073541.61895663
179,179,7,Harburg,179,715,22509669.4353,25296.9603208,Neugraben-Fischbek,F17__179,urn:ogc:def:crs:EPSG:6.9:25832,25296.0679265,42473.9505322201,63457303.8793135
180,180,7,Harburg,180,707,793311.838774,4495.10384081,Langenbek,F17__180,urn:ogc:def:crs:EPSG:6.9:25832,4494.50245235,7537.58650295496,2232048.16391711
181,181,7,Harburg,181,717,15661713.9162,18991.2262154,Neuenfelde,F17__181,urn:ogc:def:crs:EPSG:6.9:25832,18989.8630068,31916.1838871488,44239366.2988742
182,182,7,Harburg,182,716,8803004.03213,13971.7608191,Francop,F17__182,urn:ogc:def:crs:EPSG:6.9:25832,13970.5268132,23470.9256033888,24856716.7146751
